<?xml version="1.0" encoding="UTF-8" standalone="yes"?>
<addon id="plugin.video.ember"                                                                                                                                    
	   name="Ember"                                                 
	   version="1.2.2"                                                                                                                                        
	   provider-name="EXDX">
  <requires>
    <import addon="xbmc.python" version="2.1.0"/>
	<import addon="script.module.requests"/>
	<import addon="script.common.plugin.cache" version="2.5.5"/>	

  </requires>
  <extension point="xbmc.python.pluginsource"
            library="default.py">
        <provides>video</provides>
  </extension>
  <extension point="xbmc.addon.metadata">
    <summary lang="he">Direct Gem</summary>
    <description lang="he">Direct Gem</description>
    <platform>all</platform>
  </extension>
</addon>